"Pure Lights on a Bright Day 🌬️🫧","https://archive.org/download/time-lapse-471/time-lapse-471.mp4","https://archive.org/download/time-lapse-471/time-lapse-471.thumbs/time-lapse-471_001140.jpg","0:00 - Character (Part 1)
6:40 - Character (Part 2)
10:40 - Background (Sunlight)
15:20 - Background (Bubbles)

It was a day when the clouds cleared, and the breeze blew.
The accompanying fairies are also in a good mood, flying lightly and moving around.
Bubbles are flying in from somewhere, who sent them away?

Please like this video, comment and subscribe my channel. :)"
